<?xml version="1.0" encoding="UTF-8"?>
<!DOCTYPE mapper
        PUBLIC "-//mybatis.org//DTD Mapper 3.0//EN"
        "http://mybatis.org/dtd/mybatis-3-mapper.dtd">
<mapper namespace="com.youlai.system.mapper.SysCeoMapper">
    <!-- 用户分页列表 -->
    <select id="listPagedCeo" resultType="com.youlai.system.model.bo.CeoBO">
        SELECT
        u.id,
        u.name,
        u.erp,
        u.contract,
        u.documents,
        d.name AS campName,
        u.work_time as workTime,
        u.ceo_time as ceoTime,
        u.create_time as createTime,
        u.update_time as updateTime
        FROM
        sys_ceo u
        LEFT JOIN sys_dept d ON u.camp_id = d.id
        <where>
            u.deleted = 0
            <if test='queryParams.keywords!=null and queryParams.keywords.trim() neq ""'>
                AND (
                u.name LIKE #{queryParams.keywords}
                or u.erp LIKE #{queryParams.keywords}
                )
            </if>
            <if test="queryParams.startTime != null">
                AND u.ceo_time &gt;= #{queryParams.startTime}
            </if>
            <if test="queryParams.endTime != null">
                AND u.ceo_time &lt;= #{queryParams.endTime}
            </if>
        </where>
        Group By u.id
    </select>

        <!-- 用户表单信息映射 -->
    <resultMap id="CeoFormMap" type="com.youlai.system.model.form.CeoForm">
        <id property="id" column="id" jdbcType="BIGINT"/>
        <result property="campName" column="campName" jdbcType="VARCHAR"/>
        <result property="name" column="name" jdbcType="VARCHAR"/>
        <result property="erp" column="erp" jdbcType="VARCHAR"/>
        <result property="contract" column="contract" jdbcType="VARCHAR"/>
        <result property="documents" column="documents" jdbcType="VARCHAR"/>
        <result property="year" column="year" jdbcType="INTEGER"/>
        <result property="month" column="month" jdbcType="INTEGER"/>
        <result property="workTime" column="workTime" jdbcType="TIMESTAMP"/>
        <result property="ceoTime" column="ceoTime" jdbcType="TIMESTAMP"/>
        <result property="createTime" column="createTime" jdbcType="TIMESTAMP"/>
        <result property="updateTime" column="updateTime" jdbcType="TIMESTAMP"></result>
    </resultMap>

        <!-- 根据ceoID获取ceo详情 -->
<!--    <select id="getCeoFormData" resultMap="CeoFormMap">-->
<!--        SELECT-->
<!--            u.id,-->
<!--&#45;&#45;             o.id,-->
<!--            d.name As campName,-->
<!--            u.name,-->
<!--            u.erp,-->
<!--            u.contract,-->
<!--            u.documents,-->
<!--&#45;&#45;             o.year,-->
<!--&#45;&#45;             o.month,-->
<!--            u.work_time as workTime,-->
<!--            u.ceo_time as ceoTime,-->
<!--            u.create_time as createTime,-->
<!--            u.update_time as updateTime-->
<!--        FROM-->
<!--            sys_ceo u-->
<!--            left join sys_dept d ON u.camp_id = d.id-->
<!--            right join sys_office o on u.id = o.ceo_id and u.camp_id = o.camp_id-->
<!--        WHERE-->
<!--            u.id = #{ceoId} AND u.deleted = 0-->
<!--    </select>-->
    <select id="getCeoFormData" resultMap="CeoFormMap">
        SELECT
            u.id,
            u.name,
            u.camp_id,
            d.name AS campName,
            u.erp,
            u.contract,
            u.work_Time,
            u.ceo_Time,
            u.documents
--             STATUS,
--             dept_id
        FROM
            sys_ceo u
        LEFT JOIN sys_dept d ON u.camp_id = d.id
        WHERE
            u.id = #{ceoId} AND u.deleted = 0
    </select>

    <update id="updateCeoDeleted">
        UPDATE sys_ceo as u
        SET
            u.deleted = #{deleteFlag}
        WHERE
            u.id in
            <foreach  item="item" index="index" collection="ceoIds" open="(" separator="," close=" )">
                #{item}
            </foreach>
    </update>

        <!-- 获取用户导出列表 -->
    <select id="listExportCeos" resultType="com.youlai.system.model.vo.CeoExportVO">
        SELECT
            o.id,
            d.name As campName,
            u.name,
            u.erp,
            u.contract,
            u.documents,
            o.year,
            o.month,
            u.work_time as workTime,
            u.ceo_time as ceoTime,
            u.create_time as createTime,
            u.update_time as updateTime
        FROM
            sys_ceo u
            left join sys_dept d ON u.camp_id = d.id
            right join sys_office o on u.id = o.ceo_id and u.camp_id = o.camp_id
        <where>
            u.deleted = 0
        </where>
    </select>

</mapper>

