<?xml version="1.0" encoding="UTF-8"?>
<!DOCTYPE mapper
        PUBLIC "-//mybatis.org//DTD Mapper 3.0//EN"
        "http://mybatis.org/dtd/mybatis-3-mapper.dtd">
<mapper namespace="com.youlai.system.mapper.SysMenuMapper">

    <!-- 菜单路由映射 -->
    <resultMap id="RouteMap" type="com.youlai.system.model.bo.RouteBO">
        <id property="id" column="id" jdbcType="BIGINT"/>
        <result property="name" column="name" jdbcType="VARCHAR"/>
        <result property="parentId" column="parent_id" jdbcType="BIGINT"/>
        <result property="path" column="path" jdbcType="VARCHAR"/>
        <result property="component" column="component" jdbcType="VARCHAR"/>
        <result property="redirect" column="redirect" jdbcType="VARCHAR"/>
        <result property="icon" column="icon" jdbcType="VARCHAR"/>
        <result property="sort" column="sort" jdbcType="INTEGER"/>
        <result property="visible" column="visible" jdbcType="BOOLEAN"/>
        <result property="type" column="type" jdbcType="OTHER"/>
        <result property="alwaysShow" column="always_show" jdbcType="INTEGER"/>
        <result property="keepAlive" column="keep_alive" jdbcType="INTEGER"/>
        <collection property="roles" ofType="string" javaType="list">
            <result column="code"/>
        </collection>
    </resultMap>

    <!-- 获取路由列表 -->
    <select id="listRoutes" resultMap="RouteMap">
        SELECT
           t1.id,
           t1.name,
           t1.parent_id,
           t1.path,
           t1.component,
           t1.icon,
           t1.sort,
           t1.visible,
           t1.redirect,
           t1.type,
           t3.code,
           t1.always_show,
           t1.keep_alive
        FROM
            sys_menu t1
                 LEFT JOIN sys_role_menu t2 ON t1.id = t2.menu_id
                 LEFT JOIN sys_role t3 ON t2.role_id = t3.id
        WHERE
            t1.type != '${@com.youlai.system.common.enums.MenuTypeEnum@BUTTON.getValue()}'
        ORDER BY t1.sort asc
    </select>

    <!-- 获取角色拥有的权限集合 -->
    <select id="listRolePerms" resultType="java.lang.String">
        SELECT
            DISTINCT t1.perm
        FROM
            sys_menu t1
                INNER JOIN sys_role_menu t2 ON t1.id = t2.menu_id
                INNER JOIN sys_role t3 ON t3.id = t2.role_id
        WHERE
            t1.type = '${@com.youlai.system.common.enums.MenuTypeEnum@BUTTON.getValue()}'
          AND t1.perm IS NOT NULL
          <choose>
            <when test="roles!=null and roles.size()>0">
                AND t3.CODE IN
                <foreach collection="roles" item="role" separator="," open="(" close=")">
                    #{role}
                </foreach>
            </when>
            <otherwise>
                AND t1.id = -1
            </otherwise>
          </choose>
    </select>
</mapper>
